AZIENDA;MATRICOLA;COGNOME;NOME;CODICE_FISCALE;FILIALE;EMAIL;DATA_ASSUNZIONE;DATA_DIMISSIONE;DATA_NASCITA;DESCR_COM_NASC;PROVINCIA_NASC;NUMERO_TELEFONO;CELLULARE;INTERNO;DIPARTIMENTO;TIPO_CONTRATTO;RES_INDIRIZZO;RES_CAP;RES_CITTA;RES_PROVINCIA;DOM_INDIRIZZO;DOM_CAP;DOM_CITTA;DOM_PROVINCIA
SADAS;1;DUZIONI;SURINDER;DZNSND39D15L400V;1;surinder.duzioni@sadasdb.com;25/05/1993;;24/02/1971;CERNUSCO SUL NAVIGLIO;MI;474576502;474576502;;Direzione;Indeterminato;VIA DE FEDERICI 2/A;24047;TREVIGLIO;BG;VIA DE FEDERICI 2/A;24047;TREVIGLIO;BG
SADAS;2;LOCATELLI;FABIO;LCTFBA45S25I627E;1;fabio.locatelli@sadasdb.com;25/05/1993;;24/11/1972;TRIESTE;TS;;;;Produzione;Indeterminato;VIA G.VERDI 38;24046;OSIO SOTTO;BG;VIA G.VERDI 38;24046;OSIO SOTTO;BG
SADAS;3;QUINTERI;ALESSANDRO;QNTLSN65H13Z129G;1;alessandro.quinteri@sadasdb.com;05/09/1991;;01/07/1962;VAILATE;CR;78475433;78475433;;Marketing;Indeterminato;PIAZZA DALLO` UGO 7;46043;CASTIGLIONE DELLE STIVIERE;MN;PIAZZA DALLO` UGO 7;46043;CASTIGLIONE DELLE STIVIERE;MN
SADAS;4;COLOMBO;GIUSEPPE;CLMGPP82S20A794Z;1;giuseppe.colombo@sadasdb.com;24/03/1992;;15/05/1969;ROMANO DI LOMBARDIA;BG;337168329;337168329;;Produzione;Indeterminato;VIA E.CARIONI 31;24040;MISANO DI GERA D` ADDA;BG;VIA E.CARIONI 31;24040;MISANO DI GERA D` ADDA;BG
SADAS;5;VERGANI;GIUSEPPE;VRGGPP81D05L454K;1;giuseppe.vergani@sadasdb.com;05/01/1995;;24/10/1963;ALBANIA;SE;80748768;80748768;;Produzione;Indeterminato;VIA F.MAGELLANO 1;24047;TREVIGLIO;BG;VIA F.MAGELLANO 1;24047;TREVIGLIO;BG
SADAS;6;ZERBONI;ALBERTICO JUDELCO;ZRBLRT80D26H351K;2;alberticojudelco.zerboni@sadasdb.com;24/08/1993;;12/10/1971;COLOGNO AL SERIO;BG;;;;Marketing;Indeterminato;VIA C.CERRETO 5/B;24047;TREVIGLIO;BG;VIA C.CERRETO 5/B;24047;TREVIGLIO;BG
SADAS;7;DE ANDRADE;MATTEO;DNDMTT39B22H357B;2;matteo.deandrade@sadasdb.com;01/01/1990;;16/02/1968;ALBANIA;SE;;;;Produzione;Indeterminato;VIA EMILIO BAUMANN 6;24040;CANONICA D` ADDA;BG;VIA EMILIO BAUMANN 6;24040;CANONICA D` ADDA;BG
SADAS;8;RESMINI;DANIELE;RSMDNL47L27G160A;1;daniele.resmini@sadasdb.com;19/07/1994;;05/09/1967;TREVIGLIO;BG;;;;Amministrazione;Indeterminato;VIA TRENTO 10;24047;TREVIGLIO;BG;VIA TRENTO 10;24047;TREVIGLIO;BG
SADAS;9;PEDRETTI;STEFANO;PDRSFN36E15B442J;1;stefano.pedretti@sadasdb.com;01/01/1990;;29/11/1961;LOCRI;RC;356308328;356308328;;Produzione;Indeterminato;VIA VESTURE 11;24040;CALVENZANO;BG;VIA VESTURE 11;24040;CALVENZANO;BG
SADAS;10;COLOMBARI;FEDERICO;CLMFRC72S21H509T;1;federico.colombari@sadasdb.com;07/12/1989;;25/11/1962;TREVIGLIO;BG;347930713;347930713;;Produzione;Determinato;CASELLA POSTALE APERTA 42;24047;TREVIGLIO;BG;CASELLA POSTALE APERTA 42;24047;TREVIGLIO;BG
SADAS;11;CERESOLI;ALESSANDRO;CRSLSN44B25H046V;3;alessandro.ceresoli@sadasdb.com;07/09/1992;;29/03/1965;ZAMBIA;SE;328081974;328081974;;Vendita;Indeterminato;VIA ALDO MORO 44;24040;ARCENE;BG;VIA ALDO MORO 44;24040;ARCENE;BG
SADAS;12;BREMBILLA;GIAMPIETRO;BRMGPT52H25L400B;2;giampietro.brembilla@sadasdb.com;01/01/1990;;30/04/1968;BERGAMO;BG;31482752;31482752;;Produzione;Indeterminato;CORSO ROMA;24068;SERIATE;BG;CORSO ROMA;24068;SERIATE;BG
SADAS;13;VOLPI;PIETRO;VLPPTR58H18F205V;1;pietro.volpi@sadasdb.com;03/04/1995;;27/07/1976;CERIGNOLA;FG;28868903;28868903;;CED;Indeterminato;VIA DANTE ALIGHIERI N 28;20062;CASSANO D` ADDA;MI;VIA DANTE ALIGHIERI N 28;20062;CASSANO D` ADDA;MI
SADAS;14;FIORENZA;ALDO;FRNLDA70A29L400A;1;aldo.fiorenza@sadasdb.com;12/11/1993;01/01/2006;14/01/1963;VODO CADORE;BL;58340615;58340615;;Produzione;Indeterminato;VIA G.PASCOLI 13;24047;TREVIGLIO;BG;VIA G.PASCOLI 13;24047;TREVIGLIO;BG
SADAS;15;RIGANTI;DENIS;RGNDNS89M25L400B;1;denis.riganti@sadasdb.com;01/01/1990;;11/05/1966;CATANIA;CT;;;;Produzione;Indeterminato;VIA DE GASPERI 36;26010;OFFANENGO;CR;VIA DE GASPERI 36;26010;OFFANENGO;CR
SADAS;16;RIVABENE;DEMIS;RVBDMS77P28Z112R;1;demis.rivabene@sadasdb.com;01/01/1990;;20/10/1960;CASTELLEONE;CR;354477125;354477125;;Produzione;Indeterminato;VIA C.MOZZI 2 PAL I;24045;FARA GERA D` ADDA;BG;VIA C.MOZZI 2 PAL I;24045;FARA GERA D` ADDA;BG
SADAS;17;PAOLINI;CLAUDIO;PLNCLD65E12L539W;2;claudio.paolini@sadasdb.com;18/05/1993;;18/06/1960;VAPRIO D` ADDA;MI;;;;Produzione;Indeterminato;VIA DON LORENZO MILANI 5;24047;TREVIGLIO;BG;VIA DON LORENZO MILANI 5;24047;TREVIGLIO;BG
SADAS;18;STUCCHI;ANGELO PASQUALE;STCNLP59C18L400G;2;angelopasquale.stucchi@sadasdb.com;02/08/1994;;30/09/1966;MILANO;MI;342817581;342817581;;Supporto Clienti;Indeterminato;VIA UGO FOSCOLO 9;24045;FARA GERA D` ADDA;BG;VIA UGO FOSCOLO 9;24045;FARA GERA D` ADDA;BG
SADAS;19;COLOMBO;LUCIANO DOMENICO;CLMLND78C20L845S;1;lucianodomenico.colombo@sadasdb.com;02/07/1993;;01/09/1963;TREVIGLIO;BG;393957631;393957631;;Produzione;Indeterminato;VIA MALJ TABAJANI 4;24121;BERGAMO;BG;VIA MALJ TABAJANI 4;24121;BERGAMO;BG
SADAS;20;GUSMINI;DEVID;GSMDVD79H03B442G;2;devid.gusmini@sadasdb.com;15/06/1995;;17/06/1971;TREVIGLIO;BG;324630440;324630440;;Produzione;Indeterminato;VIA ZAMBELLI N.17;26019;VAILATE;CR;VIA ZAMBELLI N.17;26019;VAILATE;CR
SADAS;21;LORENZI;STEFANO;LRNSFN48E07E514Z;1;stefano.lorenzi@sadasdb.com;04/05/1995;;01/11/1968;ARBOREA;OR;;;;Produzione;Indeterminato;VIA A.DE GASPERI 2;24040;CASTEL ROZZONE;BG;VIA A.DE GASPERI 2;24040;CASTEL ROZZONE;BG
SADAS;22;AVELLA;FABRIZIO;VLLFRZ78L21B077Q;2;fabrizio.avella@sadasdb.com;01/01/1990;;02/09/1962;MELZO;MI;27702398;27702398;;Amministrazione;Indeterminato;VIA DANTE 13;20056;GREZZAGO;MI;VIA DANTE 13;20056;GREZZAGO;MI
SADAS;23;RIGON;MUSTAPHA;RGNMTP46D09F720N;1;mustapha.rigon@sadasdb.com;14/05/1991;;19/09/1963;BOLIVIA;SE;;;;Produzione;Indeterminato;PIAZZALE ALDO MORO 37/A;26019;VAILATE;CR;PIAZZALE ALDO MORO 37/A;26019;VAILATE;CR
SADAS;24;BELLOLI;PIERANTONIO;BLLPNT56R23L400W;1;pierantonio.belloli@sadasdb.com;01/01/1990;;06/05/1964;CHIAVARI;GE;313802880;313802880;;Vendita;Indeterminato;VIA MONTESSORI 9;24040;OSIO SOPRA;BG;VIA MONTESSORI 9;24040;OSIO SOPRA;BG
SADAS;25;FEDERICI;ABDOU;FDRBDA68M03H357M;1;abdou.federici@sadasdb.com;02/08/1991;;21/09/1968;COLOGNO AL SERIO;BG;85435127;85435127;;Produzione;Indeterminato;VIA XI FEBBRAIO 13;26013;CREMA;CR;VIA XI FEBBRAIO 13;26013;CREMA;CR
SADAS;26;CAZZAMALLI;GIUSEPPE;CZZGPP85H23L845S;1;giuseppe.cazzamalli@sadasdb.com;02/06/1993;;09/02/1963;BERGAMO;BG;;;;Produzione;Indeterminato;VIA L.LOT 4;24040;OSIO SOPRA;BG;VIA L.LOT 4;24040;OSIO SOPRA;BG
SADAS;27;FINOCCHIARO;FRANCESCO;FNCFNC66B19A794G;2;francesco.finocchiaro@sadasdb.com;22/02/1993;;05/01/1971;MELZO;MI;376287923;376287923;;Produzione;Indeterminato;VIA QUARENGHI G.8;23801;CALOLZIOCORTE;LC;VIA QUARENGHI G.8;23801;CALOLZIOCORTE;LC
SADAS;28;BALDUCCHI;ANDREA;BLDNDR60C25F786F;1;andrea.balducchi@sadasdb.com;15/07/1994;;10/12/1963;TARANTO;TA;376171260;376171260;;Produzione;Indeterminato;VIA GIUSEPPE VERDI 31;24043;CARAVAGGIO;BG;VIA GIUSEPPE VERDI 31;24043;CARAVAGGIO;BG
SADAS;29;BODNAR;CAMILLO;BDNCLL88D26L419D;1;camillo.bodnar@sadasdb.com;01/01/1990;;31/05/1960;SENEGAL;SE;;;;Produzione;Indeterminato;VIA ROMA 1;24046;OSIO SOTTO;BG;VIA ROMA 1;24046;OSIO SOTTO;BG
SADAS;30;ROTA;SABER;RTOSBR35P12G856J;1;saber.rota@sadasdb.com;27/10/1993;;10/06/1971;BERGAMO;BG;2570312;2570312;;Vendita;Indeterminato;VIALE M.GRAPPA 19;20069;VAPRIO D` ADDA;MI;VIALE M.GRAPPA 19;20069;VAPRIO D` ADDA;MI
SADAS;31;GAIARDI;GUALTIERO;GRDGTR50T23A240S;1;gualtiero.gaiardi@sadasdb.com;30/11/1994;;15/04/1965;BERGAMO;BG;364882045;364882045;;Produzione;Indeterminato;VIA MISANO N.3;24047;TREVIGLIO;BG;VIA MISANO N.3;24047;TREVIGLIO;BG
SADAS;32;NORIS;GIOVANNI;NRSGNN46D26A339C;2;giovanni.noris@sadasdb.com;01/01/1990;;29/12/1960;BREMBATE;BG;397552590;397552590;;Produzione;Indeterminato;VIA ROMA 71;24030;SOLZA;BG;VIA ROMA 71;24030;SOLZA;BG
SADAS;33;CAVAGNA;ROBERTO;CVGRRT77B10E094E;3;roberto.cavagna@sadasdb.com;01/01/1990;;17/04/1972;BERGAMO;BG;;;;Marketing;Indeterminato;VIA DON BENIGNO CARRARA 5;24042;CAPRIATE SAN GERVASIO;BG;VIA DON BENIGNO CARRARA 5;24042;CAPRIATE SAN GERVASIO;BG
SADAS;34;PESENTI;ARTURO;PSNRTR56M17B650K;1;arturo.pesenti@sadasdb.com;05/03/1993;;04/01/1969;PONTE SAN PIETRO;BG;396015256;396015256;;Amministrazione;Indeterminato;VIA BRAVI 42;24030;TERNO D` ISOLA;BG;VIA BRAVI 42;24030;TERNO D` ISOLA;BG
SADAS;35;RADAVATI;AYMAN;RDVYMN66R31A794N;1;ayman.radavati@sadasdb.com;02/12/1993;;19/09/1969;MONZA;MB;315561635;315561635;;Produzione;Indeterminato;VIA UMBERTO I 36 E;24050;MORENGO;BG;VIA UMBERTO I 36 E;24050;MORENGO;BG
SADAS;36;NOSSA;SIMONE;NSSSMN47D23L400W;1;simone.nossa@sadasdb.com;24/12/1993;;19/12/1979;MAROCCO;SE;;;;Produzione;Determinato;VIA TRICOLORE 1;24047;TREVIGLIO;BG;VIA TRICOLORE 1;24047;TREVIGLIO;BG
SADAS;37;TASSI;FERDINANDO;TSSFDN36R04B442O;1;ferdinando.tassi@sadasdb.com;03/05/1995;;27/10/1972;CASTEL ROZZONE;BG;73141996;73141996;;Produzione;Indeterminato;VIA MAZZINI 63/G;24040;PONTIROLO NUOVO;BG;VIA MAZZINI 63/G;24040;PONTIROLO NUOVO;BG
SADAS;38;BERTOCCHI;MARCO;BRTMRC73D06F205O;1;marco.bertocchi@sadasdb.com;30/01/1995;;30/09/1968;BRIGNANO GERA D` ADDA;BG;459549185;459549185;;Vendita;Indeterminato;VIA MARCO POLO 43;24045;FARA GERA D` ADDA;BG;VIA MARCO POLO 43;24045;FARA GERA D` ADDA;BG
SADAS;39;BUGINI;ANDREA VITORIO;BGNNRV74P16L400Z;1;andreavitorio.bugini@sadasdb.com;21/09/1993;;02/02/1969;PRAMAGGIORE;VE;;;;Produzione;Indeterminato;VIA BUFFOLI N.10;25032;CHIARI;BS;VIA BUFFOLI N.10;25032;CHIARI;BS
SADAS;40;CHIAPPA;GIUSEPPE;CHPGPP81R31F205P;1;giuseppe.chiappa@sadasdb.com;26/06/1995;;25/08/1964;BERGAMO;BG;;;;Marketing;Indeterminato;VIALE PIAVE 14;24047;TREVIGLIO;BG;VIALE PIAVE 14;24047;TREVIGLIO;BG
SADAS;41;DAMBROSO;MAURIZIO;DMBMRZ51H25A794P;3;maurizio.dambroso@sadasdb.com;26/06/1995;;26/05/1975;MAROCCO;SE;313595365;313595365;;Produzione;Indeterminato;VIA L.DA VINCI 11;24030;SOLZA;BG;VIA L.DA VINCI 11;24030;SOLZA;BG
SADAS;42;GEROSA;SEBASTIANO;GRSSST71B17F243U;1;sebastiano.gerosa@sadasdb.com;15/08/1985;;22/05/1965;SOTTO IL MONTE GIOVANNI XXIII;BG;;;;Produzione;Determinato;VIA TESINO 22;26010;CAPERGNANICA;CR;VIA TESINO 22;26010;CAPERGNANICA;CR
SADAS;43;BORGES DOS SANTOS MACHADO;GIAMPAOLO;BRGGPL66L11A794J;1;giampaolo.borgesdossantosmachado@sadasdb.com;28/06/1995;;02/05/1975;ALBANIA;SE;751063021;751063021;;Amministrazione;Indeterminato;VIA MARCONI 2/A;20877;RONCELLO;MB;VIA MARCONI 2/A;20877;RONCELLO;MB
SADAS;44;BORTONI;CLAUDIO;BRTCLD66B12D862W;1;claudio.bortoni@sadasdb.com;28/06/1995;;26/08/1968;TRAVAGLIATO;BS;370331626;370331626;;Produzione;Indeterminato;VIA SILVIO PELLICO 10;24040;CISERANO;BG;VIA SILVIO PELLICO 10;24040;CISERANO;BG
SADAS;45;GORLA;ITALO;GRLTLI52M18G004G;2;italo.gorla@sadasdb.com;28/06/1995;;17/05/1965;FILAGO;BG;38365618;38365618;;Produzione;Indeterminato;VIA QUARTO 23;23900;LECCO;LC;VIA QUARTO 23;23900;LECCO;LC
SADAS;46;GRIEGO;WALTER FRANCESCO;GRGWTR20H18E333H;1;walterfrancesco.griego@sadasdb.com;29/06/1995;;28/11/1975;LECCO;LC;342678896;342678896;;Produzione;Indeterminato;VIALE SUARDI 23;24040;ARCENE;BG;VIALE SUARDI 23;24040;ARCENE;BG
SADAS;47;CARIOLI;MIRCO;CRLMRC83S23A794W;1;mirco.carioli@sadasdb.com;29/06/1995;;22/03/1968;TREVIGLIO;BG;29774983;29774983;;Produzione;Indeterminato;VIA DEGLI ARTIGIANI N 12/16;26014;ROMANENGO;CR;VIA DEGLI ARTIGIANI N 12/16;26014;ROMANENGO;CR
SADAS;48;COGLIATI;LUIGI;CGLLGU00M21Z318E;1;luigi.cogliati@sadasdb.com;15/08/1985;01/10/2019;03/04/1961;BERGAMO;BG;3881300;3881300;;Amministrazione;Indeterminato;VIA DONIZETTI 1;24047;TREVIGLIO;BG;VIA DONIZETTI 1;24047;TREVIGLIO;BG
SADAS;49;ALAVA ZAMBRANO;SANTINO BATTISTA;LVZSTN81E09G160A;1;santinobattista.alavazambrano@sadasdb.com;29/06/1995;;05/09/1967;TRUCCAZZANO;MI;394812533;394812533;;Produzione;Indeterminato;VIA PARTIGIANI 3;24068;SERIATE;BG;VIA PARTIGIANI 3;24068;SERIATE;BG
SADAS;50;FERRARI;ANGELO;FRRNGL96D24D597I;1;angelo.ferrari@sadasdb.com;29/06/1995;;17/05/1975;PETRONA`;CZ;333017988;333017988;;Produzione;Indeterminato;VIA ENRICO MARTINI 24;26013;CREMA;CR;VIA ENRICO MARTINI 24;26013;CREMA;CR
SADAS;51;PARRINELLO;GIANPAOLO;PRRGPL68R08D869R;1;gianpaolo.parrinello@sadasdb.com;30/06/1995;;14/09/1977;AGRATE BRIANZA;MB;375251073;375251073;;Produzione;Indeterminato;VIA GARZINI 7;26010;OFFANENGO;CR;VIA GARZINI 7;26010;OFFANENGO;CR
SADAS;52;BONDIOLI;ROBERTO;BNDRRT86C28D142X;1;roberto.bondioli@sadasdb.com;30/06/1995;30/10/2007;18/08/1973;BERGAMO;BG;;;;Produzione;Indeterminato;VIA DONIZETTI 26;24040;CALVENZANO;BG;VIA DONIZETTI 26;24040;CALVENZANO;BG
SADAS;53;CIOCAN;MICHELE;CCNMHL63A26L667W;2;michele.ciocan@sadasdb.com;30/06/1995;;11/07/1971;VERDELLINO;BG;789860560;789860560;;Vendita;Indeterminato;VIA BENZONI 10;26013;CREMA;CR;VIA BENZONI 10;26013;CREMA;CR
SADAS;54;VALSECCHI;ABDELHAQ;VLSBLH02A01H910B;2;abdelhaq.valsecchi@sadasdb.com;03/07/1995;;28/01/1971;MILANO;MI;324625866;324625866;;Produzione;Indeterminato;WARHELANDSTRASSE 61;;AALEN;SE;WARHELANDSTRASSE 61;;AALEN;SE
SADAS;55;NIANG;MARIO;NNGMRA66T15H224K;1;mario.niang@sadasdb.com;15/08/1985;;18/05/1960;MILANO;MI;310310957;310310957;;Produzione;Indeterminato;VIA CASSANO 43/D;20069;VAPRIO D` ADDA;MI;VIA CASSANO 43/D;20069;VAPRIO D` ADDA;MI
SADAS;56;POLITI;GIOVANNI;PLTGNN70M21D142M;1;giovanni.politi@sadasdb.com;03/07/1995;;17/11/1976;VAPRIO D` ADDA;MI;27520769;27520769;;Produzione;Indeterminato;VIA LIVATINO 3;24043;CARAVAGGIO;BG;VIA LIVATINO 3;24043;CARAVAGGIO;BG
SADAS;57;FODOR;GIUSEPPE GIORGIO ONORATO;FDRGPP61H30H223C;1;giuseppegiorgioonorato.fodor@sadasdb.com;04/07/1995;;28/07/1975;BERGAMO;BG;328292436;328292436;;Supporto Clienti;Indeterminato;VICOLO TEZZONE N.9;26010;OFFANENGO;CR;VICOLO TEZZONE N.9;26010;OFFANENGO;CR
SADAS;58;PARISI;MAURIZIO;PRSMRZ67E31A794Q;1;maurizio.parisi@sadasdb.com;04/07/1995;;02/01/1962;MILANO;MI;63931001;63931001;;Produzione;Indeterminato;VIA TRENTO 10;24045;FARA GERA D` ADDA;BG;VIA TRENTO 10;24045;FARA GERA D` ADDA;BG
SADAS;59;FIORINO;VITO GIANLUCA;FRNVGN34H18A246P;2;vitogianluca.fiorino@sadasdb.com;15/08/1985;;20/01/1964;TREVIGLIO;BG;876845427;876845427;;Produzione;Indeterminato;VIA 2 GIUGNO NR 22;24040;BOTTANUCO;BG;VIA 2 GIUGNO NR 22;24040;BOTTANUCO;BG
SADAS;60;CAGLIONI;FULVIO;CGLFLV11S09G856U;1;fulvio.caglioni@sadasdb.com;04/07/1995;;06/11/1972;SERIATE;BG;374759196;374759196;;Produzione;Indeterminato;VIA P.TOGLIATTI 21;26014;ROMANENGO;CR;VIA P.TOGLIATTI 21;26014;ROMANENGO;CR
SADAS;61;AKHTAR;ALBERTO;KHTLRT43T13L259H;1;alberto.akhtar@sadasdb.com;05/07/1995;;26/02/1971;TREVIGLIO;BG;392171441;392171441;;Produzione;Indeterminato;STRADA VIC.LE DELLE SABBIONE 2/;26010;OFFANENGO;CR;STRADA VIC.LE DELLE SABBIONE 2/;26010;OFFANENGO;CR
SADAS;63;ROSSONI;GIUSEPPE;RSSGPP63A30M052E;2;giuseppe.rossoni@sadasdb.com;05/07/1995;;31/08/1974;CALVENZANO;BG;;;;Supporto Clienti;Indeterminato;VIA 2 CORTE 22/A;20062;CASSANO D` ADDA;MI;VIA 2 CORTE 22/A;20062;CASSANO D` ADDA;MI
SADAS;64;CARDANI;EFREM;CRDFRM86C21G856B;2;efrem.cardani@sadasdb.com;05/07/1995;;15/02/1960;BERGAMO;BG;246243;246243;;Produzione;Indeterminato;VICOLO PAGANELLI DI SOTTO 5;24041;BREMBATE;BG;VICOLO PAGANELLI DI SOTTO 5;24041;BREMBATE;BG
SADAS;65;ROSSONI;DAMIANO;RSSDMN99C30A940H;2;damiano.rossoni@sadasdb.com;05/07/1995;;03/08/1975;MONZA;MB;73256557;73256557;;Produzione;Indeterminato;VIA DEL PALADINO N.18;26010;OFFANENGO;CR;VIA DEL PALADINO N.18;26010;OFFANENGO;CR
SADAS;66;PAVESI;LORENZO ERNESTO;PVSLNZ29B28L404A;1;lorenzoernesto.pavesi@sadasdb.com;05/07/1995;;12/05/1979;SLOVACCHIA;SE;377955527;377955527;;Vendita;Indeterminato;VIA MICHELANGELO 1;26900;LODI;LO;VIA MICHELANGELO 1;26900;LODI;LO
SADAS;67;BOVE;GIANCARLO;BVOGCR27L16L400J;1;giancarlo.bove@sadasdb.com;06/07/1995;;09/07/1965;TREVIGLIO;BG;;;;Produzione;Indeterminato;VIA BOLDORI N.34;26013;CREMA;CR;VIA BOLDORI N.34;26013;CREMA;CR
SADAS;68;PANZERA;VALERIO;PNZVLR89T30M102O;1;valerio.panzera@sadasdb.com;06/07/1995;;07/08/1971;FARA GERA D` ADDA;BG;;;;Produzione;Indeterminato;VIA BERIZZI 2;24030;PRESEZZO;BG;VIA BERIZZI 2;24030;PRESEZZO;BG
SADAS;69;ARNOLDI;STEFANO;RNLSFN58S02D142P;1;stefano.arnoldi@sadasdb.com;06/07/1995;;18/03/1960;TREVIGLIO;BG;56523272;56523272;;Marketing;Indeterminato;VIA GARIBALDI 6 A;26027;RIVOLTA D` ADDA;CR;VIA GARIBALDI 6 A;26027;RIVOLTA D` ADDA;CR
SADAS;70;CASTELLETTI;STEFANO;CSTSFN59R17I158F;4;stefano.castelletti@sadasdb.com;06/07/1995;;26/02/1968;GUINEA;SE;384022640;384022640;;Produzione;Indeterminato;VIA KENNEDY 15;24040;CASIRATE D` ADDA;BG;VIA KENNEDY 15;24040;CASIRATE D` ADDA;BG
SADAS;71;SALA;GIACOMO;SLAGCM63L13F205W;1;giacomo.sala@sadasdb.com;06/07/1995;;07/11/1967;TREVIGLIO;BG;33576782;33576782;;Produzione;Indeterminato;VIA MORO 20;24040;MISANO DI GERA D` ADDA;BG;VIA MORO 20;24040;MISANO DI GERA D` ADDA;BG
SADAS;73;FUMAGALLI;SERGIO;FMGSRG63C08D142W;1;sergio.fumagalli@sadasdb.com;07/07/1995;;24/03/1975;CANONICA D` ADDA;BG;;;;Produzione;Indeterminato;VIA C.TERNI 30;24047;TREVIGLIO;BG;VIA C.TERNI 30;24047;TREVIGLIO;BG
SADAS;74;SEGHEZZI;ALDO;SGHLDA64S16D142I;1;aldo.seghezzi@sadasdb.com;07/07/1995;;28/07/1971;SERRASTRETTA;CZ;65523343;65523343;;Marketing;Indeterminato;VIA FREDDA 5;23808;VERCURAGO;LC;VIA FREDDA 5;23808;VERCURAGO;LC
SADAS;75;ROTA;MARIO;RTOMRA51B11L400Q;2;mario.rota@sadasdb.com;15/08/1985;;25/07/1960;BERGAMO;BG;338302901;338302901;;Produzione;Indeterminato;VIA TREVIGLIO 3169;24045;FARA GERA D` ADDA;BG;VIA TREVIGLIO 3169;24045;FARA GERA D` ADDA;BG
SADAS;76;NAPOLI;EMILIO;NPLMLE70R20L400E;1;emilio.napoli@sadasdb.com;07/07/1995;;25/01/1970;CARAVAGGIO;BG;364408775;364408775;;Vendita;Indeterminato;VIA SAN GREGORIO 4;24040;CASIRATE D` ADDA;BG;VIA SAN GREGORIO 4;24040;CASIRATE D` ADDA;BG
SADAS;77;BRESCIANI;VINCENZO;BRSVCN72E10E349E;2;vincenzo.bresciani@sadasdb.com;07/07/1995;;19/09/1975;BERGAMO;BG;69882218;69882218;;Produzione;Indeterminato;VIA RIPAFREDDA N.11;26014;ROMANENGO;CR;VIA RIPAFREDDA N.11;26014;ROMANENGO;CR
SADAS;78;BRENDOLAN;GIOVANNI;BRNGNN81C03A794N;1;giovanni.brendolan@sadasdb.com;10/07/1995;;09/10/1975;GORGONZOLA;MI;332122916;332122916;;Produzione;Indeterminato;VIA G.B.MORONI 2;23808;VERCURAGO;LC;VIA G.B.MORONI 2;23808;VERCURAGO;LC
SADAS;79;AWARKE;FABIO;WRKFBA58C19C351E;2;fabio.awarke@sadasdb.com;10/07/1995;01/07/2017;19/07/1967;TREVIGLIO;BG;;;;Supporto Clienti;Indeterminato;VIA BORGHI INFERIORI 38;26019;VAILATE;CR;VIA BORGHI INFERIORI 38;26019;VAILATE;CR
SADAS;80;BONATI;FRANCESCO;BNTFNC74P28A794E;1;francesco.bonati@sadasdb.com;10/07/1995;;26/07/1962;BERGAMO;BG;310589311;310589311;;Produzione;Indeterminato;VIA TORQUATO TASSO 1;24040;SUISIO;BG;VIA TORQUATO TASSO 1;24040;SUISIO;BG
SADAS;81;CARLINI;MICHELE;CRLMHL63D18G233C;2;michele.carlini@sadasdb.com;10/07/1995;;12/06/1970;GIFFONE;RC;378784551;378784551;;Produzione;Determinato;VIA ABELE CRESPI 85;24045;FARA GERA D` ADDA;BG;VIA ABELE CRESPI 85;24045;FARA GERA D` ADDA;BG
SADAS;82;ARNOLDI;ALKET;RNLLKT69L01C773O;1;alket.arnoldi@sadasdb.com;11/07/1995;;23/09/1971;ISEO;BS;85468762;85468762;;Produzione;Indeterminato;VIA PALADINO 26;26010;OFFANENGO;CR;VIA PALADINO 26;26010;OFFANENGO;CR
SADAS;83;CERVI;MARIO;CRVMRA87C09D789X;2;mario.cervi@sadasdb.com;11/07/1995;;12/09/1976;MEZZAGO;MB;313472594;313472594;;Produzione;Indeterminato;VIA PERTINI N.11;26014;ROMANENGO;CR;VIA PERTINI N.11;26014;ROMANENGO;CR
SADAS;84;MODANESI;FAUSTINO;MDNFTN01R30A794S;1;faustino.modanesi@sadasdb.com;11/07/1995;;24/12/1975;DOMEGGE DI CADORE;BL;381532823;381532823;;Amministrazione;Indeterminato;VIA G.CARDUCCI 37/39;20060;TRUCCAZZANO;MI;VIA G.CARDUCCI 37/39;20060;TRUCCAZZANO;MI
SADAS;85;FERRI;STEFANO;FRRSFN64A16L400J;1;stefano.ferri@sadasdb.com;11/07/1995;;24/06/1965;MILANO;MI;47969753;47969753;;Amministrazione;Indeterminato;VIA ANGELO MAJ 16;24066;PEDRENGO;BG;VIA ANGELO MAJ 16;24066;PEDRENGO;BG
SADAS;86;VISCARDI;EUGENIO;VSCGNE80T10L400P;1;eugenio.viscardi@sadasdb.com;11/07/1995;;08/07/1977;BAGNOLO CREMASCO;CR;348722352;348722352;;Produzione;Indeterminato;VIA SAN BIAGIO 1 C;24048;TREVIOLO;BG;VIA SAN BIAGIO 1 C;24048;TREVIOLO;BG
SADAS;87;ELKASIMI;ANDREA;LKSNDR58L13D643V;1;andrea.elkasimi@sadasdb.com;15/08/1985;;05/01/1960;TREVIGLIO;BG;376146832;376146832;;Produzione;Indeterminato;VIA BEATA GIANNETTA 1;24043;CARAVAGGIO;BG;VIA BEATA GIANNETTA 1;24043;CARAVAGGIO;BG
SADAS;88;FRECCHIAMI;ANDREA;FRCNDR67S22G867F;1;andrea.frecchiami@sadasdb.com;11/07/1995;;17/11/1975;CASTELLEONE;CR;388063202;388063202;;Produzione;Indeterminato;VIA VERGA 16/1;26010;VAIANO CREMASCO;CR;VIA VERGA 16/1;26010;VAIANO CREMASCO;CR
SADAS;89;ZAMBELLI;DANIELE EDOARDO;ZMBDLD07P15L400N;1;danieleedoardo.zambelli@sadasdb.com;11/07/1995;30/10/2007;14/04/1977;MILANO;MI;391764351;391764351;;Finanza;Indeterminato;VIA MILANO 9/N;24047;TREVIGLIO;BG;VIA MILANO 9/N;24047;TREVIGLIO;BG
SADAS;90;GIOMBELLI;SASHO KRASTEV;GMBSHK78M22E794F;1;sashokrastev.giombelli@sadasdb.com;11/07/1995;;20/06/1970;POMPEI;NA;318432863;318432863;;Produzione;Indeterminato;VIALE DELLA REPUBBLICA SUD 9 A;24049;VERDELLO;BG;VIALE DELLA REPUBBLICA SUD 9 A;24049;VERDELLO;BG
SADAS;91;ROTTOLI;ENRICO;RTTNRC87D16I608Z;3;enrico.rottoli@sadasdb.com;12/07/1995;;12/09/1976;TREVIGLIO;BG;331415751;331415751;;Produzione;Indeterminato;VIA T.GROSSI 22;24040;CASIRATE D` ADDA;BG;VIA T.GROSSI 22;24040;CASIRATE D` ADDA;BG
SADAS;92;EPIS;ANGELO;PSENGL52S03Z222K;1;angelo.epis@sadasdb.com;12/07/1995;;03/10/1964;ROMANIA;SE;.27188908;.27188908;;Produzione;Indeterminato;VIA CADUTI DI CEFALONIA 6;26010;OFFANENGO;CR;VIA CADUTI DI CEFALONIA 6;26010;OFFANENGO;CR
SADAS;93;FILISETTI;YASSIN;FLSYSN69T01B434P;1;yassin.filisetti@sadasdb.com;12/07/1995;;05/08/1969;BERGAMO;BG;391640550;391640550;;Produzione;Indeterminato;VIA CASTAGNARO 2;24056;FONTANELLA;BG;VIA CASTAGNARO 2;24056;FONTANELLA;BG
SADAS;94;DE GIGLIO;ALDO;DGGLDA71T24G856E;1;aldo.degiglio@sadasdb.com;12/07/1995;;23/02/1962;UCRAINA;SE;340151935;340151935;;Supporto Clienti;Indeterminato;VIA ITALIA 9;24040;MADONE;BG;VIA ITALIA 9;24040;MADONE;BG
SADAS;95;VISCONTI;ANTONIO;VSCNTN84L30A076X;2;antonio.visconti@sadasdb.com;12/07/1995;01/07/2017;07/03/1973;SESTO SAN GIOVANNI;MI;345358769;345358769;;Produzione;Indeterminato;VIA DEI BENEDETTINI 2;26010;RICENGO;CR;VIA DEI BENEDETTINI 2;26010;RICENGO;CR
SADAS;96;FEDRIZZI;INNOCENZO;FDRNCN46R09I951D;2;innocenzo.fedrizzi@sadasdb.com;13/07/1995;;22/02/1965;PONTIROLO NUOVO;BG;;;;Produzione;Indeterminato;VIA DEI MILLE 16;24047;TREVIGLIO;BG;VIA DEI MILLE 16;24047;TREVIGLIO;BG
SADAS;97;FERRARI;PAOLO;FRRPLA13L01I869O;2;paolo.ferrari@sadasdb.com;13/07/1995;;13/10/1973;SENEGAL;SE;4625203;4625203;;Vendita;Indeterminato;VIA G.CARDUCCI 4;24046;OSIO SOTTO;BG;VIA G.CARDUCCI 4;24046;OSIO SOTTO;BG
SADAS;98;LEGNANI;GIAN PIETRO;LGNGPT66E26F119C;2;gianpietro.legnani@sadasdb.com;20/04/1995;;31/03/1971;TREVIGLIO;BG;18986310;18986310;;Produzione;Indeterminato;VIA GALEAZZO DEGLI ORZI 9;25030;ORZIVECCHI;BS;VIA GALEAZZO DEGLI ORZI 9;25030;ORZIVECCHI;BS
SADAS;99;LAZZARONI;PAOLO;LZZPLA82L28B703M;1;paolo.lazzaroni@sadasdb.com;13/07/1995;;14/06/1977;BUSTO ARSIZIO;VA;;;;Produzione;Indeterminato;VIA SAN PIETRO N.80;26018;TRIGOLO;CR;VIA SAN PIETRO N.80;26018;TRIGOLO;CR
SADAS;100;GOISIS;MARIO;GSSMRA80A26Z100Y;1;mario.goisis@sadasdb.com;13/07/1995;;26/05/1966;SERIATE;BG;67367316;67367316;;Produzione;Indeterminato;VIA PRINCIPE AMEDEO 50;24040;VERDELLINO;BG;VIA PRINCIPE AMEDEO 50;24040;VERDELLINO;BG
SADAS;101;BOTTI;PAOLO;BTTPLA75R21L400B;1;paolo.botti@sadasdb.com;16/10/2019;;23/05/1995;CALCINATE;BG;329778579;329778579;;Amministrazione;Indeterminato;VIA PERGOLESI 3;24046;OSIO SOTTO;BG;VIA PERGOLESI 3;24046;OSIO SOTTO;BG
SADAS;102;MIRZA GHULAM;GIOVANNI MARIO;MRZGNN74E13I754S;1;giovannimario.mirzaghulam@sadasdb.com;22/10/2019;;09/11/1996;CALOLZIOCORTE;LC;;;;Produzione;Indeterminato;VIA P.MICCA 9;24040;PONTIROLO NUOVO;BG;VIA P.MICCA 9;24040;PONTIROLO NUOVO;BG
SADAS;103;PONTOGLIO;RATTAN;PNTRTN81B15F205B;1;rattan.pontoglio@sadasdb.com;07/08/1997;;08/04/1988;CASTEL ROZZONE;BG;381881322;381881322;;Produzione;Indeterminato;VIA VINCENZO MONTI 18/A;44122;FERRARA;FE;VIA VINCENZO MONTI 18/A;44122;FERRARA;FE
SADAS;104;TORNAGHI;ANDREA;TRNNDR78D05F119E;1;andrea.tornaghi@sadasdb.com;12/09/1997;;23/11/1985;MILANO;MI;312719269;312719269;;Vendita;Indeterminato;VIA S.CAPITANIO 29;24047;TREVIGLIO;BG;VIA S.CAPITANIO 29;24047;TREVIGLIO;BG
SADAS;105;DODDE;ROBERTO;DDDRRT32L07E751N;1;roberto.dodde@sadasdb.com;23/09/1997;;23/09/1996;PALERMO;PA;327801903;327801903;;Produzione;Indeterminato;VIA CESARE BATTISTI 44;24043;CARAVAGGIO;BG;VIA CESARE BATTISTI 44;24043;CARAVAGGIO;BG
SADAS;106;MILANESI;EMILIO MARCELLO ANDREA;MLNMMR22T07I827Y;1;emiliomarcelloandrea.milanesi@sadasdb.com;22/10/1997;;29/07/1990;LODI;LO;38910259;38910259;;Produzione;Indeterminato;VIA DALMINE 10/A;24035;CURNO;BG;VIA DALMINE 10/A;24035;CURNO;BG
SADAS;107;SCOTTI;SALVATORE;SCTSVT78L14C408O;1;salvatore.scotti@sadasdb.com;22/10/1997;;15/07/1985;PANDINO;CR;698592806;698592806;;Supporto Clienti;Indeterminato;VIA B.ANGELICO 2;24047;TREVIGLIO;BG;VIA B.ANGELICO 2;24047;TREVIGLIO;BG
SADAS;108;PAVESI;ANTONIO;PVSNTN74A15C255H;1;antonio.pavesi@sadasdb.com;05/01/1998;;22/12/1986;BREMBATE;BG;388389764;388389764;;Marketing;Indeterminato;VIA BRIGNANO 47;24047;TREVIGLIO;BG;VIA BRIGNANO 47;24047;TREVIGLIO;BG
SADAS;109;GIANNACCARI;MARCO ETTORE;GNNMCT88P27L400Y;1;marcoettore.giannaccari@sadasdb.com;20/02/1998;;21/08/1989;ALBANIA;SE;90475329;90475329;;Produzione;Indeterminato;VIA NICASTRO 6;20137;MILANO;MI;VIA NICASTRO 6;20137;MILANO;MI
SADAS;110;SEBASTIANELLI;COSTANTE;SBSCTN67E29G160R;2;costante.sebastianelli@sadasdb.com;27/03/1998;01/07/2017;20/02/1986;MILANO;MI;339451928;339451928;;Produzione;Indeterminato;VIA MILANO 23;24047;TREVIGLIO;BG;VIA MILANO 23;24047;TREVIGLIO;BG
SADAS;111;SPATOLA;LUIGI;SPTLGU56M07Z601Z;1;luigi.spatola@sadasdb.com;09/09/1998;;06/08/1990;TORINO;TO;;;;Produzione;Indeterminato;VIA MARCONI 7;24040;LEVATE;BG;VIA MARCONI 7;24040;LEVATE;BG
SADAS;112;SAMA`;FABIO;SMAFBA93P10G603J;1;fabio.sama`@sadasdb.com;20/10/1994;;27/03/1986;CASTEL ROZZONE;BG;8086163;8086163;;Marketing;Indeterminato;VIA XX SETTEMBRE 1870 N.30;26013;CREMA;CR;VIA XX SETTEMBRE 1870 N.30;26013;CREMA;CR
SADAS;113;PASSERA;LUIGI;PSSLGU91D12F205H;1;luigi.passera@sadasdb.com;26/01/1999;;30/04/1992;MORENGO;BG;51761348;51761348;;Produzione;Indeterminato;VIA ALIGHIERI N.27;26020;MADIGNANO;CR;VIA ALIGHIERI N.27;26020;MADIGNANO;CR
SADAS;114;FRIGENI;SERGIO;FRGSRG81H25Z222K;2;sergio.frigeni@sadasdb.com;10/03/1999;;02/01/1985;BERGAMO;BG;29970226;29970226;;Produzione;Indeterminato;VIA CADORNA 85;24048;TREVIOLO;BG;VIA CADORNA 85;24048;TREVIOLO;BG
SADAS;115;CARIOLI;LUCA;CRLLCU68C26G856W;1;luca.carioli@sadasdb.com;06/04/1999;;24/03/1985;OSIO SOTTO;BG;365000167;365000167;;Produzione;Indeterminato;VIA GIOVANNI XXIII 7;20060;TRUCCAZZANO;MI;VIA GIOVANNI XXIII 7;20060;TRUCCAZZANO;MI
SADAS;116;ZUFFETTI;ANTONIO;ZFFNTN69E25H269M;4;antonio.zuffetti@sadasdb.com;26/06/1995;;11/08/1987;TREVIGLIO;BG;374742775;374742775;;CED;Indeterminato;VIA LIVELLO N.5;20017;RHO;MI;VIA LIVELLO N.5;20017;RHO;MI
SADAS;117;FILIPPINI;GIANCARLO;FLPGCR49M04L400R;1;giancarlo.filippini@sadasdb.com;23/03/1994;01/07/2017;03/12/1986;CASTEL ROZZONE;BG;314412607;314412607;;Amministrazione;Indeterminato;VIA CIRCONVALLAZIONE NORD 2/5;26010;OFFANENGO;CR;VIA CIRCONVALLAZIONE NORD 2/5;26010;OFFANENGO;CR
SADAS;118;ARIENZO;MARCO;RNZMRC74H09D863E;1;marco.arienzo@sadasdb.com;02/06/1999;;28/04/1988;TREVIGLIO;BG;;;;Produzione;Indeterminato;VIA ALLA COSTA 5;24042;CAPRIATE SAN GERVASIO;BG;VIA ALLA COSTA 5;24042;CAPRIATE SAN GERVASIO;BG
SADAS;119;ZAGO;ALIOU;ZGALAI68M25B731X;1;aliou.zago@sadasdb.com;01/08/1995;;20/01/1986;BONATE SOPRA;BG;350394957;350394957;;Marketing;Indeterminato;VIA F.LLI DI DIO 8;26010;OFFANENGO;CR;VIA F.LLI DI DIO 8;26010;OFFANENGO;CR
SADAS;120;PAPA;IVAN;PPAVNI76P13A794H;1;ivan.papa@sadasdb.com;22/08/1995;;22/08/1995;OSIO SOTTO;BG;330849985;330849985;;Produzione;Indeterminato;STRADA BASSA NUOVA 137;43123;PARMA;PR;STRADA BASSA NUOVA 137;43123;PARMA;PR
SADAS;121;PINELLI;ALMAGUL;PNLLGL05M28B137T;1;almagul.pinelli@sadasdb.com;22/08/1995;;23/08/1995;BREMBATE;BG;322276229;322276229;;Produzione;Indeterminato;VIA XXIV MAGGIO 56;24040;CASTEL ROZZONE;BG;VIA XXIV MAGGIO 56;24040;CASTEL ROZZONE;BG
SADAS;122;ZECCHINI;ANDREA;ZCCNDR89T11Z336E;1;andrea.zecchini@sadasdb.com;07/07/1999;;02/01/1996;BONATE SOTTO;BG;;;;Produzione;Determinato;VIA XX SETTEMBRE N 1;26014;ROMANENGO;CR;VIA XX SETTEMBRE N 1;26014;ROMANENGO;CR
SADAS;123;GHIDOTTI;DAVIDE;GHDDVD56A25H357M;2;davide.ghidotti@sadasdb.com;26/09/1995;;11/07/1986;PERU`;SE;;;;Produzione;Indeterminato;VIA TRIESTE 15;24042;CAPRIATE SAN GERVASIO;BG;VIA TRIESTE 15;24042;CAPRIATE SAN GERVASIO;BG
SADAS;124;BELLI;ANDREA;BLLNDR96E12F158T;1;andrea.belli@sadasdb.com;27/09/1995;;21/04/1988;GERMANIA;SE;;;;Vendita;Indeterminato;VIA UMBERTO I 45 D 3;26010;DOVERA;CR;VIA UMBERTO I 45 D 3;26010;DOVERA;CR
SADAS;125;CAPELLI;GIUSEPPE;CPLGPP79H19Z352Z;1;giuseppe.capelli@sadasdb.com;09/09/1999;;11/07/1985;COSTA D` AVORIO;SE;387204438;387204438;;Produzione;Indeterminato;VIA VAIRANO N.5;26013;CREMA;CR;VIA VAIRANO N.5;26013;CREMA;CR
SADAS;126;DRAGNE;CRISTIAN;DRGCST74C11A304L;2;cristian.dragne@sadasdb.com;07/10/1999;;18/02/1988;EGITTO;SE;1964745;1964745;;Supporto Clienti;Indeterminato;VIA VERDELLO 31 P;24040;CISERANO;BG;VIA VERDELLO 31 P;24040;CISERANO;BG
SADAS;127;THAMRATHUKA KOLIL CHELLA;SALVATORE;THMSVT01R03Z100Z;1;salvatore.thamrathukakolilchella@sadasdb.com;12/10/1999;;02/01/1993;PONTE SAN PIETRO;BG;346475127;346475127;;Produzione;Indeterminato;VIA F.CAVALLOTTI 10;24047;TREVIGLIO;BG;VIA F.CAVALLOTTI 10;24047;TREVIGLIO;BG
SADAS;128;CAPUANO;MAURIZIO;CPNMRZ73S10B971S;2;maurizio.capuano@sadasdb.com;18/10/1995;;28/01/1987;CATANIA;CT;318947489;318947489;;Amministrazione;Indeterminato;VIA ITALIA 19;24040;PONTIROLO NUOVO;BG;VIA ITALIA 19;24040;PONTIROLO NUOVO;BG
SADAS;129;CARON;MATTIA;CRNMTT79C13Z343N;1;mattia.caron@sadasdb.com;06/11/1995;;08/12/1988;SARNICO;BG;51629303;51629303;;Produzione;Indeterminato;VIA S.ANTONINO 34/A;26010;CAPERGNANICA;CR;VIA S.ANTONINO 34/A;26010;CAPERGNANICA;CR
SADAS;130;BARONI;ARMANDO;BRNRND65B29L400L;2;armando.baroni@sadasdb.com;17/11/1995;;14/08/1995;TREVIGLIO;BG;;;;Produzione;Indeterminato;VIA MONS.PORTALUPPI 82;24047;TREVIGLIO;BG;VIA MONS.PORTALUPPI 82;24047;TREVIGLIO;BG
SADAS;131;DI SERIO;ANGELO LUIGI;DSRNLL51R09G160N;1;angeloluigi.diserio@sadasdb.com;27/12/1999;;10/04/1985;GIULIANOVA;TE;330693283;330693283;;Produzione;Indeterminato;VIA CANONICA 78/BIS;24047;TREVIGLIO;BG;VIA CANONICA 78/BIS;24047;TREVIGLIO;BG
SADAS;132;CARIOLI;ENRICO;CRLNRC63E09L539P;1;enrico.carioli@sadasdb.com;30/11/1995;;01/01/1990;TREZZO SULL` ADDA;MI;322361464;322361464;;Marketing;Indeterminato;VIA PILA;20062;CASSANO D` ADDA;MI;VIA PILA;20062;CASSANO D` ADDA;MI
SADAS;133;MORO;ALBERTO;MROLRT06A12D142G;1;alberto.moro@sadasdb.com;10/01/2000;;27/06/1994;BERGAMO;BG;86824196;86824196;;Produzione;Indeterminato;VIA ISSER 11;24047;TREVIGLIO;BG;VIA ISSER 11;24047;TREVIGLIO;BG
SADAS;134;BOGNI;VASCO MARIA;BGNVCM01T06I838O;1;vascomaria.bogni@sadasdb.com;18/01/2000;;02/02/1991;LODI;LO;360302792;360302792;;Produzione;Indeterminato;VIA CROCETTE 19;24035;CURNO;BG;VIA CROCETTE 19;24035;CURNO;BG
SADAS;135;AGAZZI;ANGELO;GZZNGL94D02Z330T;1;angelo.agazzi@sadasdb.com;18/01/2000;;01/09/1985;CILE;SE;;;;Produzione;Indeterminato;VIA ALDO MORO 47;24033;CALUSCO D` ADDA;BG;VIA ALDO MORO 47;24033;CALUSCO D` ADDA;BG
SADAS;136;BULHAC;CLAUDIO;BLHCLD93H24I628D;2;claudio.bulhac@sadasdb.com;26/01/2000;;15/03/1996;MONZA;MB;26710214;26710214;;Amministrazione;Indeterminato;VIA CANONICA 13;24047;TREVIGLIO;BG;VIA CANONICA 13;24047;TREVIGLIO;BG
SADAS;137;VAIRANI;MASSIMO;VRNMSM93P12F205J;1;massimo.vairani@sadasdb.com;28/01/2000;;19/06/1985;TREVIGLIO;BG;34411673;34411673;;Produzione;Indeterminato;VIA CAPRERA 3;24127;BERGAMO;BG;VIA CAPRERA 3;24127;BERGAMO;BG
SADAS;138;SAINA;GIULIO;SNAGLI78P21Z129S;2;giulio.saina@sadasdb.com;16/02/2000;;14/10/1987;SERIATE;BG;;;;Produzione;Indeterminato;VIA ENRICO DE NICOLA 4;24050;MOZZANICA;BG;VIA ENRICO DE NICOLA 4;24050;MOZZANICA;BG
SADAS;139;ZUCCHINALI;MICHELE;ZCCMHL52M30L667A;1;michele.zucchinali@sadasdb.com;03/01/1996;;21/02/1989;FRANCAVILLA FONTANA;BR;315521652;315521652;;Supporto Clienti;Indeterminato;VIA BRASSOLINO 9;24040;CALVENZANO;BG;VIA BRASSOLINO 9;24040;CALVENZANO;BG
SADAS;140;CHIAPPETTI;MARIO;CHPMRA78D14F133O;2;mario.chiappetti@sadasdb.com;22/02/2000;;26/06/1998;BERGAMO;BG;;;;Produzione;Indeterminato;VIA LUIGI GATTI, 13\;20060;TRUCCAZZANO;MI;VIA LUIGI GATTI, 13\;20060;TRUCCAZZANO;MI
SADAS;141;FEDERICO;MAURIZIO;FDRMRZ50A20A076F;4;maurizio.federico@sadasdb.com;19/04/2000;;07/03/1991;TREVIGLIO;BG;375740418;375740418;;Marketing;Indeterminato;VIA BARI 4;20143;MILANO;MI;VIA BARI 4;20143;MILANO;MI
SADAS;142;BUTTINONI;ANGELO;BTTNGL71S12G004U;1;angelo.buttinoni@sadasdb.com;23/05/2000;;21/06/1985;TREVIGLIO;BG;;;;Produzione;Indeterminato;VIA CESARE BATTISTI 43;24047;TREVIGLIO;BG;VIA CESARE BATTISTI 43;24047;TREVIGLIO;BG
SADAS;143;BEN LELLY;GIUSEPPE;BNLGPP61A05Z336R;1;giuseppe.benlelly@sadasdb.com;01/06/2000;;13/09/1985;CARAVAGGIO;BG;79894705;79894705;;Supporto Clienti;Indeterminato;VIA BARONE LEONINO 2;20060;TRUCCAZZANO;MI;VIA BARONE LEONINO 2;20060;TRUCCAZZANO;MI
SADAS;144;RONCALLI;MAURO;RNCMRA78P25B971O;1;mauro.roncalli@sadasdb.com;19/07/2000;;23/04/1986;RIMINI;RN;391583798;391583798;;Produzione;Indeterminato;VIA DE GASPERI 2;24049;VERDELLO;BG;VIA DE GASPERI 2;24049;VERDELLO;BG
SADAS;145;VEGINI;LEONARDO;VGNLRD73B03L400C;1;leonardo.vegini@sadasdb.com;26/09/2000;;22/02/1985;TREVIGLIO;BG;69907173;69907173;;Amministrazione;Indeterminato;VIA ANGOLO RESEGHETTI 466;24045;FARA GERA D` ADDA;BG;VIA ANGOLO RESEGHETTI 466;24045;FARA GERA D` ADDA;BG
SADAS;146;ZAMBELLI;SABINO;ZMBSBN57A10L221D;1;sabino.zambelli@sadasdb.com;31/01/1996;;27/07/1989;GORGONZOLA;MI;97915896;97915896;;Produzione;Indeterminato;LAMEZANSTRA+²E 9 WIEN (WIEN);;WIEN;SE;LAMEZANSTRA+²E 9 WIEN (WIEN);;WIEN;SE
SADAS;147;FACCHETTI;FRANCESCO IGNAZIO;FCCFNC52M31C003P;1;francescoignazio.facchetti@sadasdb.com;18/10/2000;;17/09/1986;BERGAMO;BG;32010486;32010486;;Produzione;Indeterminato;VIA ROMA 66 D;24030;TERNO D` ISOLA;BG;VIA ROMA 66 D;24030;TERNO D` ISOLA;BG
SADAS;148;GRAVA;ABDOU;GRVBDA24T15H508W;1;abdou.grava@sadasdb.com;23/10/2000;;27/03/1985;BRIGNANO GERA D` ADDA;BG;42579468;42579468;;Produzione;Indeterminato;VIA DELLA MANICA 7;24030;VILLA D` ADDA;BG;VIA DELLA MANICA 7;24030;VILLA D` ADDA;BG
SADAS;149;CAMPARI;ALBERTO;CMPLRT57P13L400G;2;alberto.campari@sadasdb.com;12/02/1996;;19/09/1987;BERGAMO;BG;36860557;36860557;;Produzione;Indeterminato;VIA S.PELLICO 41;24040;PONTIROLO NUOVO;BG;VIA S.PELLICO 41;24040;PONTIROLO NUOVO;BG
SADAS;150;GATTI;ALESSANDRO;GTTLSN88E04Z504U;1;alessandro.gatti@sadasdb.com;08/11/2000;;16/03/1986;VARESE;VA;;;;Supporto Clienti;Indeterminato;VIA R.SANZIO 6;24030;PRESEZZO;BG;VIA R.SANZIO 6;24030;PRESEZZO;BG
SADAS;151;SACERDOTI;BRUNO;SCRBRN58C23E212Q;1;bruno.sacerdoti@sadasdb.com;21/11/2000;;24/06/1986;PONTE SAN PIETRO;BG;46885736;46885736;;Produzione;Indeterminato;VIA SECCHIA 3;24030;PALAZZAGO;BG;VIA SECCHIA 3;24030;PALAZZAGO;BG
SADAS;152;DEGANI;VITTORIO;DGNVTR61B25A794V;2;vittorio.degani@sadasdb.com;24/11/2000;;09/07/1985;CALTAGIRONE;CT;81297236;81297236;;Produzione;Indeterminato;VIA TREVIGLIO 13;24040;PONTIROLO NUOVO;BG;VIA TREVIGLIO 13;24040;PONTIROLO NUOVO;BG
SADAS;153;SCHIAVONE;ROBERTO;SCHRRT74H18A794M;2;roberto.schiavone@sadasdb.com;30/11/2000;;13/05/1987;PONTE SAN PIETRO;BG;43407730;43407730;;Produzione;Indeterminato;VIA CONTI CARLO GIROLAMO 7;24030;CARVICO;BG;VIA CONTI CARLO GIROLAMO 7;24030;CARVICO;BG
SADAS;154;BALDO;LUIGI;BLDLGU69T21Z330K;1;luigi.baldo@sadasdb.com;15/12/2000;;28/02/1985;OSIO SOTTO;BG;318141516;318141516;;Produzione;Indeterminato;VIA DANTE ALIGHIERI;24040;CASTEL ROZZONE;BG;VIA DANTE ALIGHIERI;24040;CASTEL ROZZONE;BG
SADAS;155;DEL PRATO;DANIELE;DLPDNL73L25L400L;1;daniele.delprato@sadasdb.com;02/01/2001;;27/09/1985;SERIATE;BG;;;;CED;Indeterminato;VIA CASTEL CERRETO 7;24047;TREVIGLIO;BG;VIA CASTEL CERRETO 7;24047;TREVIGLIO;BG
SADAS;156;BOTTURI;ARNALDO;BTTRLD62H14C933E;1;arnaldo.botturi@sadasdb.com;22/03/1996;;28/04/1985;CALUSCO D` ADDA;BG;362354631;362354631;;Produzione;Indeterminato;VIA LEONCAVALLO 10;24047;TREVIGLIO;BG;VIA LEONCAVALLO 10;24047;TREVIGLIO;BG
SADAS;157;GIAGNORIO;GIULIANO;GGNGLN77L16A794N;1;giuliano.giagnorio@sadasdb.com;09/04/1996;;31/10/1987;MONTEMILETTO;AV;;;;Produzione;Indeterminato;VIALE DEL TRAMONTO 16;62026;SAN GINESIO;MC;VIALE DEL TRAMONTO 16;62026;SAN GINESIO;MC
SADAS;158;GEROSA;ATTILIO;GRSTTL58S19G160A;1;attilio.gerosa@sadasdb.com;03/05/1996;;13/03/1987;FARA GERA D` ADDA;BG;;;;Vendita;Indeterminato;VIA NOSARI 13;24046;OSIO SOTTO;BG;VIA NOSARI 13;24046;OSIO SOTTO;BG
SADAS;159;COLLEONI;IBRAHIM MOHAMED YASSEN;CLLBHM58E29Z100Z;1;ibrahimmohamedyassen.colleoni@sadasdb.com;26/07/1996;;13/03/1985;SESTO SAN GIOVANNI;MI;364866993;364866993;;Produzione;Indeterminato;PIAZZALE ALDO MORO 57;26019;VAILATE;CR;PIAZZALE ALDO MORO 57;26019;VAILATE;CR
SADAS;160;CHIAPPETTI;LORENZO;CHPLNZ74S11H357L;1;lorenzo.chiappetti@sadasdb.com;29/08/1996;;23/05/1987;CARONIA;ME;;;;Produzione;Indeterminato;VIA DELL` ARTIGIANATO 35;24040;PAGAZZANO;BG;VIA DELL` ARTIGIANATO 35;24040;PAGAZZANO;BG
SADAS;161;PIENSI;RINO;PNSRNI62D01L404W;1;rino.piensi@sadasdb.com;11/09/1996;;20/06/1989;CALVENZANO;BG;;;;Amministrazione;Indeterminato;VIA ATTILIO MOMIGLIANO 1;20141;MILANO;MI;VIA ATTILIO MOMIGLIANO 1;20141;MILANO;MI
SADAS;162;CARISSIMI;PIERLUIGI;CRSPLG74S01Z129K;2;pierluigi.carissimi@sadasdb.com;16/09/1996;;20/06/1988;SESTO SAN GIOVANNI;MI;24067665;24067665;;Produzione;Indeterminato;VIA G.DONIZETTI 4 A;24040;CASTEL ROZZONE;BG;VIA G.DONIZETTI 4 A;24040;CASTEL ROZZONE;BG
SADAS;163;PARIGI;GIORGIO LUIGI;PRGGGL64A26F205X;1;giorgioluigi.parigi@sadasdb.com;12/11/1996;15/02/2008;17/08/1989;AGNADELLO;CR;;;;Produzione;Indeterminato;VIA MARTIRI DI CEFALONIA 3;24121;BERGAMO;BG;VIA MARTIRI DI CEFALONIA 3;24121;BERGAMO;BG
SADAS;164;TERMINI;ALESSANDRO;TRMLSN78R21A794Z;2;alessandro.termini@sadasdb.com;13/11/1996;;22/12/1988;SONCINO;CR;36550850;36550850;;Supporto Clienti;Indeterminato;VIA XXIV MAGGIO 13;24047;TREVIGLIO;BG;VIA XXIV MAGGIO 13;24047;TREVIGLIO;BG
SADAS;165;DORDI;MARCELLO;DRDMCL88L10Z614M;2;marcello.dordi@sadasdb.com;07/01/1997;;16/05/1989;TREVIGLIO;BG;14006521;14006521;;Produzione;Indeterminato;VIA C.CACCIANIGA 25;20060;POZZUOLO MARTESANA;MI;VIA C.CACCIANIGA 25;20060;POZZUOLO MARTESANA;MI
SADAS;166;GHERARDI;JACOPO GIOVANNI;GHRJPG68E31A215Y;1;jacopogiovanni.gherardi@sadasdb.com;03/03/1997;;07/01/1985;CASIRATE D` ADDA;BG;346206898;346206898;;Supporto Clienti;Indeterminato;VIA VERGA 9;24040;ARZAGO D` ADDA;BG;VIA VERGA 9;24040;ARZAGO D` ADDA;BG
SADAS;167;MOROTTI;FRANCESCO;MRTFNC36S03B950G;1;francesco.morotti@sadasdb.com;22/04/1997;;18/05/1985;SIRACUSA;SR;335522306;335522306;;Amministrazione;Indeterminato;VIA DE GASPERI 19;24040;FILAGO;BG;VIA DE GASPERI 19;24040;FILAGO;BG
SADAS;168;CATTANEO;ANTONIO;CTTNTN84A08Z318R;3;antonio.cattaneo@sadasdb.com;02/05/1997;;01/04/1988;FORMIA;LT;27546284;27546284;;Produzione;Indeterminato;VIA B.ANGELICO 10/B;24047;TREVIGLIO;BG;VIA B.ANGELICO 10/B;24047;TREVIGLIO;BG
SADAS;169;BERTULETTI;CLAUDIO;BRTCLD82E25D221R;1;claudio.bertuletti@sadasdb.com;03/06/1997;;21/09/1990;MAROCCO;SE;34868781;34868781;;Produzione;Indeterminato;VIA MORENGO 31;24040;PAGAZZANO;BG;VIA MORENGO 31;24040;PAGAZZANO;BG
SADAS;170;RIVA;RENATA;RVIRNT65T65F205Y;1;renata.riva@sadasdb.com;01/06/1994;;29/10/1985;VAPRIO D` ADDA;MI;346637503;346637503;;Produzione;Indeterminato;LARGO IV NOVEMBRE 11;24036;PONTE SAN PIETRO;BG;LARGO IV NOVEMBRE 11;24036;PONTE SAN PIETRO;BG
SADAS;171;FRIGERIO;NICOLE GIULIANA;FRGNLG99T41B696A;1;nicolegiuliana.frigerio@sadasdb.com;06/07/1995;;10/06/1986;BERGAMO;BG;372785957;372785957;;Produzione;Indeterminato;VIALE EUROPA 7;26010;IZANO;CR;VIALE EUROPA 7;26010;IZANO;CR
SADAS;172;TOSONI;GIACOMINA;TSNGMN94E45A794T;2;giacomina.tosoni@sadasdb.com;07/07/1995;;04/01/1988;POLESELLA;RO;337257736;337257736;;Produzione;Determinato;VIA GIOVANNI PASCOLI 1;24025;GAZZANIGA;BG;VIA GIOVANNI PASCOLI 1;24025;GAZZANIGA;BG
SADAS;173;BETTONI;MICHELA;BTTMHL48C48F205L;1;michela.bettoni@sadasdb.com;08/09/1995;;13/07/1985;SIERRA LEONE;SE;;;;Produzione;Indeterminato;VIA FIUME 37;20099;SESTO SAN GIOVANNI;MI;VIA FIUME 37;20099;SESTO SAN GIOVANNI;MI
SADAS;174;CAPELLI;CROCIFISSA;CPLCCF26P54A794V;1;crocifissa.capelli@sadasdb.com;18/09/1995;;21/07/1988;MELZO;MI;37637429;37637429;;Amministrazione;Indeterminato;VIA MORENGO 58;24040;PAGAZZANO;BG;VIA MORENGO 58;24040;PAGAZZANO;BG
SADAS;175;OGLIARI;CLAUDIA;GLRCLD56H46A794D;1;claudia.ogliari@sadasdb.com;22/09/1995;;27/02/1986;BERGAMO;BG;18697539;18697539;;Produzione;Indeterminato;VIA GALEAZZE 4/A;24050;CORTENUOVA;BG;VIA GALEAZZE 4/A;24050;CORTENUOVA;BG
SADAS;176;CANTU`;ROBERTA;CNTRRT84S54Z330F;2;roberta.cantu`@sadasdb.com;06/10/1995;;25/08/1985;SANT` ANTONIO ABATE;NA;336436052;336436052;;Vendita;Indeterminato;FORO BUONAPARTE 68 20121 MILANO;20121;MILANO;;FORO BUONAPARTE 68 20121 MILANO;20121;MILANO;
SADAS;177;SEVERGNINI;GIOVANNA;SVRGNN61B62L219P;1;giovanna.severgnini@sadasdb.com;17/10/1995;;28/03/1988;ALME`;BG;344430255;344430255;;Produzione;Indeterminato;VIA FARA 8;24040;CANONICA D` ADDA;BG;VIA FARA 8;24040;CANONICA D` ADDA;BG
SADAS;178;ANELLI;DEBORAH;NLLDRH67C41A963O;1;deborah.anelli@sadasdb.com;06/11/1995;;08/11/1989;EGITTO;SE;328305567;328305567;;Produzione;Indeterminato;VIA D.ALIGHIERI 10;24040;CASTEL ROZZONE;BG;VIA D.ALIGHIERI 10;24040;CASTEL ROZZONE;BG
SADAS;179;MERLI;MARIA LUISA;MRLMLS40M53B854Q;1;marialuisa.merli@sadasdb.com;16/11/1995;;05/05/1986;BARI;BA;21898530;21898530;;Supporto Clienti;Indeterminato;VIA DA GAMA 56;24048;TREVIOLO;BG;VIA DA GAMA 56;24048;TREVIOLO;BG
SADAS;180;CEREDA;LUIGIA;CRDLGU69S46D142M;1;luigia.cereda@sadasdb.com;23/11/1995;;26/07/1985;TORRE ANNUNZIATA;NA;312644797;312644797;;Supporto Clienti;Indeterminato;VIA PADREA MASCIADRI 2/H;22066;MARIANO COMENSE;CO;VIA PADREA MASCIADRI 2/H;22066;MARIANO COMENSE;CO
SADAS;181;DIAGNE;LOREDANA;DGNLDN00M52B854X;1;loredana.diagne@sadasdb.com;21/12/1995;;24/11/1985;MELZO;MI;28844860;28844860;;Produzione;Indeterminato;VIA BIGNAMINI 4;24047;TREVIGLIO;BG;VIA BIGNAMINI 4;24047;TREVIGLIO;BG
SADAS;182;CANGA;GLORIA;CNGGLR69L56E202S;3;gloria.canga@sadasdb.com;28/12/1995;;21/06/1986;SONCINO;CR;;;;Produzione;Indeterminato;VIA GRAMSCI 27;24059;URGNANO;BG;VIA GRAMSCI 27;24059;URGNANO;BG
SADAS;183;BRAMBILLA;REGINA;BRMRGN83T45A732C;1;regina.brambilla@sadasdb.com;28/12/1995;;30/08/1985;STORNARA;FG;340377094;340377094;;Produzione;Indeterminato;VIA PERUGIA 6;24040;CALVENZANO;BG;VIA PERUGIA 6;24040;CALVENZANO;BG
SADAS;184;ARMANNI;MARIA CARLA;RMNMCR91P48L400N;1;mariacarla.armanni@sadasdb.com;12/02/1996;;24/04/1986;ARDESIO;BG;354713632;354713632;;Marketing;Indeterminato;VIA ALESSANDRO VOLTA N.1;24040;CASTEL ROZZONE;BG;VIA ALESSANDRO VOLTA N.1;24040;CASTEL ROZZONE;BG
SADAS;185;RUDENKO;ELENA;RDNLNE49B62Z129N;1;elena.rudenko@sadasdb.com;28/02/1996;01/06/2013;13/08/1985;CAROBBIO DEGLI ANGELI;BG;317651146;317651146;;Marketing;Indeterminato;VIA GRAMSCI;24040;CASTEL ROZZONE;BG;VIA GRAMSCI;24040;CASTEL ROZZONE;BG
SADAS;186;D`ADDATO;FRANCESCA;DDDFNC51P53L400Q;1;francesca.d`addato@sadasdb.com;07/03/1996;;20/05/1987;INZAGO;MI;57389962;57389962;;Produzione;Indeterminato;VIA GALIGNANI 43;25036;PALAZZOLO SULL` OGLIO;BS;VIA GALIGNANI 43;25036;PALAZZOLO SULL` OGLIO;BS
SADAS;187;BONIFACIO;ALESSIA;BNFLSS82M52A944U;2;alessia.bonifacio@sadasdb.com;14/03/1996;;16/12/1985;TORRE ANNUNZIATA;NA;;;;Produzione;Indeterminato;VIA MILANO 28;24047;TREVIGLIO;BG;VIA MILANO 28;24047;TREVIGLIO;BG
SADAS;188;GUSMINI;DANIELA;GSMDNL81T41C003D;1;daniela.gusmini@sadasdb.com;27/03/1996;;10/03/1985;OSIO SOTTO;BG;;;;Supporto Clienti;Indeterminato;VIA SANTA MARIA 7;21040;UBOLDO;VA;VIA SANTA MARIA 7;21040;UBOLDO;VA
SADAS;189;RIVABENE;GIADA;RVBGDI56L45F205J;2;giada.rivabene@sadasdb.com;09/04/1996;01/05/2014;19/12/1988;TREVIGLIO;BG;69592125;69592125;;Produzione;Indeterminato;VIA LEONE XIII 27;24040;ARCENE;BG;VIA LEONE XIII 27;24040;ARCENE;BG
SADAS;190;BREMBATI;MARIA ANGELA;BRMMNG82R55D142C;2;mariaangela.brembati@sadasdb.com;08/05/1996;;25/04/1989;TRESCORE BALNEARIO;BG;;;;Amministrazione;Indeterminato;VIA SAN G.BOSCO 20/B;20060;TRUCCAZZANO;MI;VIA SAN G.BOSCO 20/B;20060;TRUCCAZZANO;MI
SADAS;191;MANZONI;CINZIA;MNZCNZ29S48A794D;1;cinzia.manzoni@sadasdb.com;24/05/1996;05/05/2013;05/05/1986;TREVIGLIO;BG;;;;Produzione;Indeterminato;VIA PAGAZZANO 57/B;24053;BRIGNANO GERA D` ADDA;BG;VIA PAGAZZANO 57/B;24053;BRIGNANO GERA D` ADDA;BG
SADAS;192;FACCHINETTI;SABRINA;FCCSRN76C46H351V;1;sabrina.facchinetti@sadasdb.com;29/07/1996;;05/02/1986;MAROCCO;SE;326174552;326174552;;Produzione;Indeterminato;V MADRE TERESA DI CALCUTTA N.4;26010;MONTODINE;CR;V MADRE TERESA DI CALCUTTA N.4;26010;MONTODINE;CR
SADAS;193;BIELLI;SIMONA;BLLSMN61T62F065A;1;simona.bielli@sadasdb.com;08/10/1996;;09/11/1986;ALBANIA;SE;;;;Produzione;Indeterminato;VIA PARINI 92/2;23852;GARLATE;LC;VIA PARINI 92/2;23852;GARLATE;LC
SADAS;194;PESENTI;MADDALENA;PSNMDL73L61L539T;3;maddalena.pesenti@sadasdb.com;13/11/1996;;13/11/1987;EGITTO;SE;;;;Supporto Clienti;Indeterminato;VIA PALAZZO 12;24047;TREVIGLIO;BG;VIA PALAZZO 12;24047;TREVIGLIO;BG
SADAS;195;GIOVANETTI;MARIALUISA;GVNMLS88E49A794E;1;marialuisa.giovanetti@sadasdb.com;29/11/1996;;14/01/1987;INDIA;SE;319217517;319217517;;Produzione;Indeterminato;VIALE BUONARROTI 27;24047;TREVIGLIO;BG;VIALE BUONARROTI 27;24047;TREVIGLIO;BG
SADAS;196;LAZZARONI;CARLA;LZZCRL58S41B618Q;1;carla.lazzaroni@sadasdb.com;24/12/1996;;27/02/1986;TREVIGLIO;BG;931163705;931163705;;CED;Indeterminato;VIA COSTANTINA 3/A;24126;BERGAMO;BG;VIA COSTANTINA 3/A;24126;BERGAMO;BG
SADAS;197;LIVOTI;RITA;LVTRTI51S47F205S;1;rita.livoti@sadasdb.com;23/01/1997;;18/01/1988;SPIRANO;BG;;;;CED;Indeterminato;VIA CLARA MAFFEI 14;24121;BERGAMO;BG;VIA CLARA MAFFEI 14;24121;BERGAMO;BG
SADAS;198;FINASSI;NATALIA;FNSNTL51M52A794X;2;natalia.finassi@sadasdb.com;29/01/1997;;03/01/1990;MAROCCO;SE;34788866;34788866;;Produzione;Indeterminato;VIA EINAUDI 216;24043;CARAVAGGIO;BG;VIA EINAUDI 216;24043;CARAVAGGIO;BG
SADAS;199;LEONI;ANGELA;LNENGL68D45C814N;1;angela.leoni@sadasdb.com;11/02/1997;;31/01/1985;BERGAMO;BG;;;;Supporto Clienti;Indeterminato;VIA GALBIGNANI 18;26013;CREMA;CR;VIA GALBIGNANI 18;26013;CREMA;CR
SADAS;200;GIUSSANI;MARIA CHIARA;GSSMCH60D53L400U;1;mariachiara.giussani@sadasdb.com;13/05/1997;01/01/2010;29/02/1988;CASSANO D` ADDA;MI;371656210;371656210;;Produzione;Indeterminato;VIA CATALANI 8;24047;TREVIGLIO;BG;VIA CATALANI 8;24047;TREVIGLIO;BG
SADAS;201;VENERUSO;CARLA MARIA;VNRCLM43M68I919Z;2;carlamaria.veneruso@sadasdb.com;16/10/2019;;22/01/1977;MILANO;MI;;;;Amministrazione;Indeterminato;VIA G.BRUNO 14/A;24040;VERDELLINO;BG;VIA G.BRUNO 14/A;24040;VERDELLINO;BG
SADAS;202;BONURA;VITTORIA;BNRVTR56E60Z352U;1;vittoria.bonura@sadasdb.com;22/10/2019;;26/09/1978;BANGLADESH;SE;;;;Supporto Clienti;Indeterminato;VIA MILANESI 3;24042;CAPRIATE SAN GERVASIO;BG;VIA MILANESI 3;24042;CAPRIATE SAN GERVASIO;BG
SADAS;203;PAGANELLI;IOLANDA;PGNLND74C54G856S;1;iolanda.paganelli@sadasdb.com;25/06/1991;;24/09/1969;MAROCCO;SE;864441620;864441620;;Produzione;Indeterminato;VIA ALDO MORO 6/C;20060;TRUCCAZZANO;MI;VIA ALDO MORO 6/C;20060;TRUCCAZZANO;MI
SADAS;204;FUSAR POLI;ORFELINA;FSRRLN79P60F205C;1;orfelina.fusarpoli@sadasdb.com;12/11/1993;;15/11/1969;TUNISIA;SE;74196718;74196718;;Produzione;Indeterminato;VIA DELLE BETULLE 4 A;24041;BREMBATE;BG;VIA DELLE BETULLE 4 A;24041;BREMBATE;BG
SADAS;205;DENTI;GIUSEPPA;DNTGPP52S61L400I;4;giuseppa.denti@sadasdb.com;02/08/1994;;25/05/1970;CERNUSCO SUL NAVIGLIO;MI;37714173;37714173;;Amministrazione;Indeterminato;VIA E.CARIONI 29/E I 1;24040;MISANO DI GERA D` ADDA;BG;VIA E.CARIONI 29/E I 1;24040;MISANO DI GERA D` ADDA;BG
SADAS;206;LEGRAMANDI;ROSSELLA;LGRRSL66H61Z336W;1;rossella.legramandi@sadasdb.com;01/01/1990;;12/12/1962;FARA GERA D` ADDA;BG;337788957;337788957;;Produzione;Indeterminato;CORSO ITALIA 21/G INT.4;24046;OSIO SOTTO;BG;CORSO ITALIA 21/G INT.4;24046;OSIO SOTTO;BG
SADAS;207;RONCALLI;BENEDETTA;RNCBDT44S59H509P;1;benedetta.roncalli@sadasdb.com;25/03/1993;;18/07/1966;ROMANIA;SE;29499483;29499483;;Produzione;Indeterminato;VIA COLOMBO 3;24047;TREVIGLIO;BG;VIA COLOMBO 3;24047;TREVIGLIO;BG
SADAS;208;MAGNI;SABRINA;MGNSRN62D58A794K;2;sabrina.magni@sadasdb.com;27/04/1992;;09/04/1967;CASIRATE D` ADDA;BG;1255056;1255056;;Produzione;Determinato;VIA LEONARDO DA VINCI 13;24040;MISANO DI GERA D` ADDA;BG;VIA LEONARDO DA VINCI 13;24040;MISANO DI GERA D` ADDA;BG
SADAS;209;BONAPACE;SHARON;BNPSRN90T67Z110K;1;sharon.bonapace@sadasdb.com;23/04/1992;;30/03/1961;SANTA FLAVIA;PA;;;;Produzione;Determinato;VIA MONTE AMIATA 2;20861;BRUGHERIO;MB;VIA MONTE AMIATA 2;20861;BRUGHERIO;MB
SADAS;210;DIOP;MARIA TERESA;DPIMTR66A59H357M;1;mariateresa.diop@sadasdb.com;01/01/1990;;12/09/1963;CEYLON;SE;71469919;71469919;;Produzione;Indeterminato;VICOLO AGLIARDI 5;24040;ARCENE;BG;VICOLO AGLIARDI 5;24040;ARCENE;BG
SADAS;211;DANESI;SARA EMMA;DNSSMM58P69G856U;1;saraemma.danesi@sadasdb.com;06/12/1993;15/03/2012;10/09/1966;TREVIGLIO;BG;33192239;33192239;;Vendita;Indeterminato;VIA PUCCINI 4;24040;CALVENZANO;BG;VIA PUCCINI 4;24040;CALVENZANO;BG
SADAS;212;MONELLA;MARTA;MNLMRT46C47L667I;1;marta.monella@sadasdb.com;10/04/1990;;31/12/1964;SPIRANO;BG;;;;Produzione;Indeterminato;VIA BEZZECCA 11;24047;TREVIGLIO;BG;VIA BEZZECCA 11;24047;TREVIGLIO;BG
SADAS;237;BONFANTI;PAOLO;BNFPLA81H20L400C;2;paolo.bonfanti@sadasdb.com;05/07/1995;30/08/2010;03/10/1960;BERGAMO;BG;326104212;326104212;;Produzione;Indeterminato;VIA BEATO ANGELICO 5;24047;TREVIGLIO;BG;VIA BEATO ANGELICO 5;24047;TREVIGLIO;BG
SADAS;241;VACIRCA;NELLO ALESSANDRO;VCRNLL58L21H129B;1;nelloalessandro.vacirca@sadasdb.com;07/07/1995;20/02/2011;27/12/1961;ARCENE;BG;;;;Produzione;Indeterminato;VIA AIMO DA GABIANO;26010;CASTEL GABBIANO;CR;VIA AIMO DA GABIANO;26010;CASTEL GABBIANO;CR
SADAS;243;ARESI;MARIA CRISTINA;RSAMCR45H54L539Y;1;mariacristina.aresi@sadasdb.com;12/07/2022;;08/10/2003;TREVIGLIO;BG;;;;Produzione;Indeterminato;VIA DEI MILLE 11;24047;TREVIGLIO;BG;VIA DEI MILLE 11;24047;TREVIGLIO;BG
SADAS;244;ROSA;TIZIANA;RSOTZN71M42B911E;4;tiziana.rosa@sadasdb.com;16/04/2009;;21/08/2004;BERGAMO;BG;32678854;32678854;;Produzione;Indeterminato;VIA S.GIOVANNI BOSCO 7;24047;TREVIGLIO;BG;VIA S.GIOVANNI BOSCO 7;24047;TREVIGLIO;BG
SADAS;245;ROTA;PIETRO;RTOPTR55R04D490L;1;pietro.rota@sadasdb.com;13/07/2022;01/01/2023;25/05/2003;RIVOLTA D` ADDA;CR;385571803;385571803;;Amministrazione;Apprendistato;VIA GIOSUE` CARDUCCI 55;24030;PONTIDA;BG;VIA GIOSUE` CARDUCCI 55;24030;PONTIDA;BG
SADAS;246;CROTTI;URIME;CRTRMU59T60L535S;1;urime.crotti@sadasdb.com;13/07/2022;;09/03/2003;MAROCCO;SE;1283003;1283003;;Produzione;Apprendistato;VIA DANTE ALIGHIERI 5;24050;LURANO;BG;VIA DANTE ALIGHIERI 5;24050;LURANO;BG
SADAS;247;GELMI;VASILE ADRIAN;GLMVLD55C15L400A;1;vasileadrian.gelmi@sadasdb.com;15/07/2022;;16/02/2003;LOCRI;RC;85006666;85006666;;Produzione;Indeterminato;VIA BERGAMO 413;24045;FARA GERA D` ADDA;BG;VIA BERGAMO 413;24045;FARA GERA D` ADDA;BG
SADAS;248;FAUBLA VERA;RACHELE;FBLRHL80P41E094I;2;rachele.faublavera@sadasdb.com;15/07/2022;;24/06/2002;LODI;LO;820146855;820146855;;Marketing;Apprendistato;VIA C.AGLIARDI 14;24040;LEVATE;BG;VIA C.AGLIARDI 14;24040;LEVATE;BG
SADAS;249;D` ANTONIO;ALESSANDRO;DNTLSN46A07D142L;1;alessandro.d`antonio@sadasdb.com;18/07/2022;01/02/2023;20/05/2003;SANT` ANGELO LODIGIANO;LO;352458579;352458579;;Produzione;Indeterminato;VIA G.MARCONI 14;24030;MEDOLAGO;BG;VIA G.MARCONI 14;24030;MEDOLAGO;BG
SADAS;250;OBID;MARCO;BDOMRC69T12C003M;1;marco.obid@sadasdb.com;20/07/2022;;07/09/2000;ALBANIA;SE;39033985;39033985;;Produzione;Apprendistato;VIA BORGHI INF.8;26019;VAILATE;CR;VIA BORGHI INF.8;26019;VAILATE;CR
SADAS;251;ANGERETTI;NEELAM;NGRNLM23L49G149B;1;neelam.angeretti@sadasdb.com;20/07/2022;;18/11/2002;CERNOBBIO;CO;33641083;33641083;;Produzione;Apprendistato;VIA G.DONIZETTI 19;24040;MISANO DI GERA D` ADDA;BG;VIA G.DONIZETTI 19;24040;MISANO DI GERA D` ADDA;BG
SADAS;252;COLOMBO;ANTONIO;CLMNTN72R09M102J;1;antonio.colombo@sadasdb.com;20/07/2022;;08/05/2002;ALZANO LOMBARDO;BG;485662046;485662046;;Supporto Clienti;Indeterminato;VIA FABIO FILZI 18/B;24047;TREVIGLIO;BG;VIA FABIO FILZI 18/B;24047;TREVIGLIO;BG
SADAS;253;COSTA;FRANCESCO;CSTFNC59A17D142N;1;francesco.costa@sadasdb.com;21/07/2022;;01/08/2003;TREVIGLIO;BG;36624888;36624888;;Produzione;Apprendistato;VICOLO BRIGATTI 1;24043;CARAVAGGIO;BG;VICOLO BRIGATTI 1;24043;CARAVAGGIO;BG
SADAS;254;PASSERA;ANGELANDREA;PSSNLN44L16G160F;1;angelandrea.passera@sadasdb.com;21/07/2022;;18/01/2003;SORMANO;CO;58541204;58541204;;Produzione;Tirocinio;VIA OBERDAN GUGLIELMO N 14;20025;LEGNANO;MI;VIA OBERDAN GUGLIELMO N 14;20025;LEGNANO;MI
SADAS;255;PEZZETTI;YESICA MARLENE;PZZYCM43L63L400M;1;yesicamarlene.pezzetti@sadasdb.com;22/07/2022;;07/04/2004;FRANCIA;SE;85004961;85004961;;Produzione;Apprendistato;VIA L.EINAUDI 19;24046;OSIO SOTTO;BG;VIA L.EINAUDI 19;24046;OSIO SOTTO;BG
SADAS;256;BARATELLI;MARIA CARLA;BRTMCR68D53D142P;3;mariacarla.baratelli@sadasdb.com;11/09/2009;;20/09/2000;GINOSA;TA;331759630;331759630;;Produzione;Apprendistato;VIA S.DONATO 46/A;24046;OSIO SOTTO;BG;VIA S.DONATO 46/A;24046;OSIO SOTTO;BG
SADAS;257;MOZZALI;DORIANA;MZZDRN68L48C835V;1;doriana.mozzali@sadasdb.com;25/07/2022;;09/11/2003;SANT` ANGELO DEI LOMBARDI;AV;17562241;17562241;;Produzione;Apprendistato;VIA CARCANO 5;24047;TREVIGLIO;BG;VIA CARCANO 5;24047;TREVIGLIO;BG
SADAS;258;MANZONI;HATIXHE;MNZHXH55A52L923H;1;hatixhe.manzoni@sadasdb.com;25/07/2022;;12/04/2001;BERGAMO;BG;84702254;84702254;;Vendita;Tirocinio;VIA PONCHIELLI 17;20062;CASSANO D` ADDA;MI;VIA PONCHIELLI 17;20062;CASSANO D` ADDA;MI
SADAS;259;BIRCA;ANNALISA;BRCNLS57A41L667B;1;annalisa.birca@sadasdb.com;25/07/2022;;11/12/2000;BERGAMO;BG;;;;Produzione;Indeterminato;VIA PAPA GIOVANNI XXIII 4/C;24040;MISANO DI GERA D` ADDA;BG;VIA PAPA GIOVANNI XXIII 4/C;24040;MISANO DI GERA D` ADDA;BG
SADAS;260;GALIMBERTI;PIETRO;GLMPTR53B17A794D;2;pietro.galimberti@sadasdb.com;25/07/2022;;10/07/2004;MONZA;MI;33865345;33865345;;Produzione;Apprendistato;VICOLO SAN ROCCHETTO 5;24043;CARAVAGGIO;BG;VICOLO SAN ROCCHETTO 5;24043;CARAVAGGIO;BG
SADAS;261;ZOLIO;BRUNO ANTONIO;ZLOBNN78B15E901N;1;brunoantonio.zolio@sadasdb.com;26/07/2022;;01/08/2003;BERGAMO;BG;389787813;389787813;;Produzione;Tirocinio;VIA GRATOSOGLIO 93;20142;MILANO;MI;VIA GRATOSOGLIO 93;20142;MILANO;MI
SADAS;262;PEREGO;EMILIO GIUSEPPE;PRGMGS76A25A794Y;1;emiliogiuseppe.perego@sadasdb.com;26/07/2022;;31/12/2003;RIVOLTA D` ADDA;CR;14256061;14256061;;Produzione;Tirocinio;VIA EMILIO CECCHI 2;20162;MILANO;MI;VIA EMILIO CECCHI 2;20162;MILANO;MI
SADAS;263;BENELLI;FLORA;BNLFLR70H46F205P;1;flora.benelli@sadasdb.com;26/07/2022;;09/03/2005;BERGAMO;BG;38153880;38153880;;Produzione;Tirocinio;LARGO EINAUDI 1;24040;VERDELLINO;BG;LARGO EINAUDI 1;24040;VERDELLINO;BG
SADAS;264;BOLOGNA;LORENZA;BLGLNZ84A42L400G;4;lorenza.bologna@sadasdb.com;27/07/2022;;19/07/2004;TREVIGLIO;BG;;;;Produzione;Tirocinio;VIA MONASTERO DEI VERGHI 166;24033;CALUSCO D` ADDA;BG;VIA MONASTERO DEI VERGHI 166;24033;CALUSCO D` ADDA;BG
SADAS;265;LOCATELLI;MARCO;LCTMRC82A04D952D;1;marco.locatelli@sadasdb.com;28/07/2022;;19/07/2004;MAROCCO;SE;340742015;340742015;;Produzione;Determinato;VIA PIAVE 8;20069;VAPRIO D` ADDA;MI;VIA PIAVE 8;20069;VAPRIO D` ADDA;MI
SADAS;266;PANARESE;ALESSANDRO;PNRLSN54D03G187S;1;alessandro.panarese@sadasdb.com;29/07/2022;;31/05/2004;VITTORIA;RG;361959437;361959437;;Produzione;Apprendistato;VIA MAZZINI 13;23807;MERATE;LC;VIA MAZZINI 13;23807;MERATE;LC
SADAS;267;COROTTI;IOVANKA;CRTVNK73A51L400E;1;iovanka.corotti@sadasdb.com;11/12/2009;;01/10/2001;ECUADOR;SE;;;;Finanza;Tirocinio;VIA GIOVANNI RICORDI 32;20131;MILANO;MI;VIA GIOVANNI RICORDI 32;20131;MILANO;MI
SADAS;268;VEZZOLI;RAJVIR;VZZRVR68T01F119K;1;rajvir.vezzoli@sadasdb.com;01/08/2022;;05/10/2003;TREVIGLIO;BG;314749356;314749356;;Produzione;Tirocinio;VIA EUROPA 11;24041;BREMBATE;BG;VIA EUROPA 11;24041;BREMBATE;BG
SADAS;269;DI CARA;MASSIMO;DCRMSM94P14Z330X;4;massimo.dicara@sadasdb.com;02/08/2022;;27/04/2000;TREVIGLIO;BG;352777042;352777042;;Produzione;Indeterminato;VIA LOCATELLI 19/C;24069;TRESCORE BALNEARIO;BG;VIA LOCATELLI 19/C;24069;TRESCORE BALNEARIO;BG
SADAS;270;CRUGNALE;LUIGI;CRGLGU81H17H509X;1;luigi.crugnale@sadasdb.com;02/08/2022;;27/12/2002;BERGAMO;BG;34762189;34762189;;Produzione;Indeterminato;VIA DEL BOSCO 42;24047;TREVIGLIO;BG;VIA DEL BOSCO 42;24047;TREVIGLIO;BG
SADAS;271;CARMINATI;MARCO;CRMMRC49T26D490D;3;marco.carminati@sadasdb.com;02/08/2022;;30/03/2003;PONTOGLIO;BS;450419841;450419841;;Produzione;Tirocinio;VIA PONTIROLO 70;24047;TREVIGLIO;BG;VIA PONTIROLO 70;24047;TREVIGLIO;BG
SADAS;272;RIVA;ILARIA;RVILRI59A60D142N;1;ilaria.riva@sadasdb.com;02/08/2022;;04/08/2004;LECCO;LC;26562220;26562220;;Produzione;Tirocinio;VIA CAPERSEGNO 28;24030;PRESEZZO;BG;VIA CAPERSEGNO 28;24030;PRESEZZO;BG
SADAS;273;COLOMBO;ENRICO;CLMNRC59C20A794S;1;enrico.colombo@sadasdb.com;22/01/2010;;06/11/2002;BERGAMO;BG;341555104;341555104;;Finanza;Tirocinio;VIA ABATE CRIPPA 19;24047;TREVIGLIO;BG;VIA ABATE CRIPPA 19;24047;TREVIGLIO;BG
SADAS;274;CONTI;LUCA;CNTLCU80P10F205L;1;luca.conti@sadasdb.com;03/08/2022;;15/07/2000;PONTIROLO NUOVO;BG;387174389;387174389;;Produzione;Tirocinio;CASCINA BERLOCCA;24040;ARCENE;BG;CASCINA BERLOCCA;24040;ARCENE;BG
SADAS;275;COLOMBO;FRANCESCO MARIA;CLMFNC74L30L400H;3;francescomaria.colombo@sadasdb.com;03/02/2010;;15/05/2002;GESUALDO;AV;342002106;342002106;;Supporto Clienti;Determinato;VIA ZARA 32;24058;ROMANO DI LOMBARDIA;BG;VIA ZARA 32;24058;ROMANO DI LOMBARDIA;BG
